Grant Name	Sponsor	Link	Deadline	Relevance	EQORE Fit	Ease of Use	Match %	Award max	RFP	Innovation/execution	Latest preparation start date	Partners notes	Match req %	Timeline summary	App process	App package	Extra notes	Award min	Funding Instrument	Categories	Eligibility	Synopsis snippet
SEEDING CRITICAL ADVANCES FOR LEADING ENERGY TECHNOLOGIES WITH UNTAPPED POTENTIAL (SCALEUP) READY (DE-FOA-0003467)	Advanced Research Projects Agency Energy 	https://www.grants.gov/search-results-detail/356623	09/29/2029	1.5	4.0	5.0			https://www.grants.gov/search-results-detail/356623					Open 10/02/2024 → Close 09/29/2029			Status: posted					
Reliable Ore Characterization with Keystone Sensing (ROCKS) (DE-FOA-0003592)	Advanced Research Projects Agency Energy 	https://www.grants.gov/search-results-detail/360353	09/25/2025	1.5	4.0	2.0			https://www.grants.gov/search-results-detail/360353					Open 08/25/2025 → Close 09/25/2025			Status: posted					
Reliable Ore Characterization with Keystone Sensing SBIR/STTR (ROCKS SBIR/STTR) (DE-FOA-0003593)	Advanced Research Projects Agency Energy 	https://www.grants.gov/search-results-detail/360354	09/25/2025	2.5	4.0	2.0			https://www.grants.gov/search-results-detail/360354					Open 08/25/2025 → Close 09/25/2025			Status: posted					
Magnetic Acceleration Generating New Innovations and Tactical Outcomes (MAGNITO) (DE-FOA-0003590)	Advanced Research Projects Agency Energy 	https://www.grants.gov/search-results-detail/360355	09/24/2025	2.0	4.0	2.0			https://www.grants.gov/search-results-detail/360355					Open 08/25/2025 → Close 09/24/2025			Status: posted					
Electrochemical Systems (PD-23-7644)	U.S. National Science Foundation	https://www.grants.gov/search-results-detail/347329		0.5	3.0	3.0			https://www.grants.gov/search-results-detail/347329					Open 04/05/2023 → Close 			Status: posted					
Renewable Energy Systems and Energy Efficiency Improvements Program (RDBCP-REAP-RES-EEI-2016)	Rural Business-Cooperative Service 	https://www.grants.gov/search-results-detail/279638		2.0	3.0	3.0	25.0		https://www.grants.gov/search-results-detail/279638					Open 10/13/2015 → Close 			Status: posted					
Renewable Energy Systems and Energy Efficiency Improvements Program (RDBCP-REAP-RES-EEI-2019)	Rural Business-Cooperative Service 	https://www.grants.gov/search-results-detail/310029		2.0	3.0	3.0	25.0		https://www.grants.gov/search-results-detail/310029					Open 10/30/2018 → Close 			Status: posted					
Electronics, Photonics and Magnetic Devices (PD-18-1517)	U.S. National Science Foundation	https://www.grants.gov/search-results-detail/345872		0.5	3.0	3.0			https://www.grants.gov/search-results-detail/345872					Open 02/08/2023 → Close 			Status: posted					
Catalysis (PD-23-1401)	U.S. National Science Foundation	https://www.grants.gov/search-results-detail/348932		0.5	3.0	3.0			https://www.grants.gov/search-results-detail/348932					Open 06/27/2023 → Close 			Status: posted					
Combustion and Fire Systems (PD-23-1407)	U.S. National Science Foundation	https://www.grants.gov/search-results-detail/347509		0.5	3.0	3.0			https://www.grants.gov/search-results-detail/347509					Open 04/14/2023 → Close 			Status: posted					
Algorithms for Modern Power Systems (22-569)	U.S. National Science Foundation	https://www.grants.gov/search-results-detail/337984	02/09/2026	0.5	3.0	5.0			https://www.grants.gov/search-results-detail/337984					Open 02/11/2022 → Close 02/09/2026			Status: posted					
Notice of Funding Opportunity (NOFO) SUSI Civic Engagement and Environmental Issues Selection Process (SPAINNOFOSUSI2023)	U.S. Mission to Spain	https://www.grants.gov/search-results-detail/344137		0.5	3.0	4.0			https://www.grants.gov/search-results-detail/344137					Open 10/21/2022 → Close 			Status: forecasted					
US Army Combat Capabilities Development Command Broad Agency Announcement (W911QY25R0023)	ACC APG - Natick	https://www.grants.gov/search-results-detail/360012	02/27/2030	0.5	3.0	5.0			https://www.grants.gov/search-results-detail/360012					Open 07/14/2025 → Close 02/27/2030			Status: posted					
Interfacial Engineering (PD-23-1417)	U.S. National Science Foundation	https://www.grants.gov/search-results-detail/347326		0.5	3.0	3.0			https://www.grants.gov/search-results-detail/347326					Open 04/05/2023 → Close 			Status: posted					
Public Diplomacy Small Grants Program (DOS-USEU-PD-2020-002)	U.S. Mission to the European Union	https://www.grants.gov/search-results-detail/327185		0.5	3.0	4.0			https://www.grants.gov/search-results-detail/327185					Open 05/20/2020 → Close 			Status: forecasted					
DHA-  Military Health System Research Program (HT942526MHSRP)	Dept. of the Army -- USAMRAA	https://www.grants.gov/search-results-detail/359250	10/17/2025	1.0	3.0	3.0			https://www.grants.gov/search-results-detail/359250					Open 06/04/2025 → Close 10/17/2025			Status: posted					
Cooperative Agreement for Affiliated Partner with the Great Rivers Cooperative Ecosystem Studies Unit (CESU) (G25AS00345)	Geological Survey	https://www.grants.gov/search-results-detail/360348	09/22/2025	0.5	3.0	2.0			https://www.grants.gov/search-results-detail/360348					Open 08/22/2025 → Close 09/22/2025			Status: posted					
Mind, Machine and Motor Nexus (PD-25-058Y)	U.S. National Science Foundation	https://www.grants.gov/search-results-detail/358682		0.5	3.0	3.0			https://www.grants.gov/search-results-detail/358682					Open 04/16/2025 → Close 			Status: posted					
Awards Supporting Cutting-Edge Technologies for Translational Science (ASCETTS) (R21 Clinical Trials Not Allowed) (PAR-25-157)	National Institutes of Health	https://www.grants.gov/search-results-detail/357625	06/18/2026	0.5	3.0	5.0			https://www.grants.gov/search-results-detail/357625					Open 12/10/2024 → Close 06/18/2026			Status: posted					
Clinical and Translational Science Award (UM1 Clinical Trial Optional) (PAR-24-272)	National Institutes of Health	https://www.grants.gov/search-results-detail/356316	09/28/2027	0.5	3.0	5.0			https://www.grants.gov/search-results-detail/356316					Open 09/03/2024 → Close 09/28/2027			Status: posted					
University Nuclear Leadership Program&ndash; Scholarship and Fellowship Support (DE-FOA-0002265)	Idaho Field Office	https://www.grants.gov/search-results-detail/329436	10/14/2030	1.0	3.0	5.0			https://www.grants.gov/search-results-detail/329436					Open 10/15/2020 → Close 10/14/2030			Status: posted					
FY 2025 Continuation of Solicitation for the Office of Science Financial Assistance Program (DE-FOA-0003432)	Office of Science	https://www.grants.gov/search-results-detail/356590	09/30/2025	0.5	3.0	3.0			https://www.grants.gov/search-results-detail/356590					Open 09/30/2024 → Close 09/30/2025			Status: posted					
Thermal Transport Processes (PD-23-1406)	U.S. National Science Foundation	https://www.grants.gov/search-results-detail/347324		0.5	3.0	3.0			https://www.grants.gov/search-results-detail/347324					Open 04/05/2023 → Close 			Status: posted					
Energy, Power, Control, and Networks (PD-18-7607)	U.S. National Science Foundation	https://www.grants.gov/search-results-detail/348258		1.0	3.0	3.0			https://www.grants.gov/search-results-detail/348258					Open 05/19/2023 → Close 			Status: posted					
MINE HEALTH AND SAFETY STATE GRANTS (MSHA-2025-1)	Mine Safety and Health Administration	https://www.grants.gov/search-results-detail/360276	09/09/2025	0.5	3.0	2.0			https://www.grants.gov/search-results-detail/360276					Open 08/11/2025 → Close 09/09/2025			Status: posted					
Brookwood-Sago Mine Safety Grants (FOA-BS-2025-1)	Mine Safety and Health Administration	https://www.grants.gov/search-results-detail/360323	09/19/2025	0.5	3.0	2.0			https://www.grants.gov/search-results-detail/360323					Open 08/21/2025 → Close 09/19/2025			Status: posted					
Fluid Dynamics (PD-23-1443)	U.S. National Science Foundation	https://www.grants.gov/search-results-detail/347020		0.5	3.0	3.0			https://www.grants.gov/search-results-detail/347020					Open 03/21/2023 → Close 			Status: posted					
Geospace Cluster (PD-24-7789)	U.S. National Science Foundation	https://www.grants.gov/search-results-detail/356536		0.5	3.0	3.0			https://www.grants.gov/search-results-detail/356536					Open 09/26/2024 → Close 			Status: posted					
MPPEP Phase 3 Invasive Wild-Caught Catfish (RD-RBS-25-03-MPPEP)	Rural Business-Cooperative Service 	https://www.grants.gov/search-results-detail/360256	10/06/2025	1.0	3.0	3.0	25.0		https://www.grants.gov/search-results-detail/360256					Open 08/07/2025 → Close 10/06/2025			Status: posted					
NOI to Issue Infrastructure Investment and Jobs Act (IIJA) Funding Opportunity Announcement No. DE-FOA-0003587 titled &ldquo;Rare Earth Elements Demonstration Facility&rdquo;. (DE-FOA-0003586)	National Energy Technology Laboratory	https://www.grants.gov/search-results-detail/360287	10/13/2025	1.5	4.0	3.0			https://www.grants.gov/search-results-detail/360287					Open 08/13/2025 → Close 10/13/2025			Status: posted					
Notice of Intent to issue Critical Minerals and Materials Accelerator Notice of Funding Opportunity (DE-FOA-0003588)	Golden Field Office	https://www.grants.gov/search-results-detail/360290	10/13/2025	0.5	3.0	3.0			https://www.grants.gov/search-results-detail/360290					Open 08/13/2025 → Close 10/13/2025			Status: posted					
Communications, Circuits, and Sensing-Systems (PD-18-7564)	U.S. National Science Foundation	https://www.grants.gov/search-results-detail/346204		0.5	3.0	3.0			https://www.grants.gov/search-results-detail/346204					Open 02/17/2023 → Close 			Status: posted					
NIEHS Worker Training Program&rsquo;s HAZMAT Training at DOE Nuclear Weapons Complex (UH4 Clinical Trial Not Allowed) (TEMP-31334)	National Institutes of Health	https://www.grants.gov/search-results-detail/359970		1.0	3.0	4.0			https://www.grants.gov/search-results-detail/359970					Open 07/17/2025 → Close 			Status: forecasted					
FY 2023 Disaster Supplemental (EDA-DISASTER-2023)	Economic Development Administration	https://www.grants.gov/search-results-detail/347414		0.5	3.0	3.0	20.0		https://www.grants.gov/search-results-detail/347414					Open 04/24/2023 → Close 			Status: posted					
Native American Affairs: Emergency Drought Relief for Tribes Inflation Reduction Act of 2022, Section 80004 (R25AS00275)	Bureau of Reclamation	https://www.grants.gov/search-results-detail/359950	10/14/2025	0.5	3.0	3.0			https://www.grants.gov/search-results-detail/359950					Open 07/08/2025 → Close 10/14/2025			Status: posted					
U.S. Mission to the United Nations-Geneva, Small Grants Program (GVA-SGP-2023-002)	U.S. Mission to the United Nations	https://www.grants.gov/search-results-detail/344437		0.5	3.0	3.0			https://www.grants.gov/search-results-detail/344437					Open 11/10/2022 → Close 			Status: posted					
Public Diplomacy Section Praia: Small Grants Program (AFPRA-25-01)	U.S. Mission to Cape Verde	https://www.grants.gov/search-results-detail/359747		0.5	3.0	3.0			https://www.grants.gov/search-results-detail/359747					Open 08/27/2025 → Close 			Status: posted					
Make Every Drop Count (PAS-JOR-FY25-005)	U.S. Mission to Jordan	https://www.grants.gov/search-results-detail/360245	09/06/2025	0.5	3.0	1.0			https://www.grants.gov/search-results-detail/360245					Open 08/06/2025 → Close 09/06/2025			Status: posted					
Cooperative Agreement for affiliated Partner with the Great Basin Cooperative Ecosystem Studies Unit (CESU) (G25AS00348)	Geological Survey	https://www.grants.gov/search-results-detail/360346	09/22/2025	0.5	3.0	2.0			https://www.grants.gov/search-results-detail/360346					Open 08/22/2025 → Close 09/22/2025			Status: posted					
FY 2026 International Visitor Leadership Program Collaborative Services (DFOP0017389)	Bureau Of Educational and Cultural Affairs	https://www.grants.gov/search-results-detail/359958	09/08/2025	0.5	2.0	2.0			https://www.grants.gov/search-results-detail/359958					Open 07/09/2025 → Close 09/08/2025			Status: posted					
Medical Scientist Training Program (MSTP) (T32) (PAR-24-128)	National Institutes of Health	https://www.grants.gov/search-results-detail/352810	01/25/2027	1.0	3.0	5.0			https://www.grants.gov/search-results-detail/352810					Open 03/04/2024 → Close 01/25/2027			Status: posted					
Findable Accessible Interoperable Reusable Open Science (25-533)	U.S. National Science Foundation	https://www.grants.gov/search-results-detail/358036	04/08/2026	0.5	3.0	5.0			https://www.grants.gov/search-results-detail/358036					Open 01/07/2025 → Close 04/08/2026			Status: posted					
EONS 2018: Appendix E Minority University Research and Education Project (MUREP) for Sustainability and Innovation Collaborative &ndash; (MUSIC)  (NNH18ZHA002N-MUSIC)	National Aeronautics and Space Administration	https://www.grants.gov/search-results-detail/300997		2.0	3.0	3.0			https://www.grants.gov/search-results-detail/300997					Open 02/22/2018 → Close 			Status: posted					
Small Grants Program (GVA-SGP-2020-001)	U.S. Mission to the United Nations	https://www.grants.gov/search-results-detail/326733		0.5	3.0	3.0			https://www.grants.gov/search-results-detail/326733					Open 05/05/2020 → Close 			Status: posted					
Atlanta FY 2021 &ndash; FY 2023 EDA Planning and Local Technical Assistance (EDA-ATL-TA-ATRO-2021-2006846)	Department of Commerce	https://www.grants.gov/search-results-detail/332052		0.5	4.0	3.0	0.0		https://www.grants.gov/search-results-detail/332052					Open 03/15/2021 → Close 			Status: posted					
Denver FY 2021 &ndash; FY 2023 EDA Planning and Local Technical Assistance (EDA-DEN-TA-DRO-2021-2006850)	Department of Commerce	https://www.grants.gov/search-results-detail/332126		0.5	4.0	3.0	0.0		https://www.grants.gov/search-results-detail/332126					Open 03/15/2021 → Close 			Status: posted					
Austin FY 2021 &ndash; FY 2023 EDA Planning and Local Technical Assistance (EDA-AUS-TA-AURO-2021-2006848)	Department of Commerce	https://www.grants.gov/search-results-detail/332137		0.5	4.0	3.0	0.0		https://www.grants.gov/search-results-detail/332137					Open 03/15/2021 → Close 			Status: posted					
Chicago FY 2021 &ndash; FY 2023 EDA Planning and Local Technical Assistance (EDA-CHI-TA-CRO-2021-2006849)	Department of Commerce	https://www.grants.gov/search-results-detail/332125		0.5	4.0	3.0	0.0		https://www.grants.gov/search-results-detail/332125					Open 03/15/2021 → Close 			Status: posted					
Philadelphia FY 2021 &ndash; FY 2023 EDA Planning and Local Technical Assistance (EDA-PHI-TA-PRO-2021-2006851)	Department of Commerce	https://www.grants.gov/search-results-detail/332138		0.5	4.0	3.0	0.0		https://www.grants.gov/search-results-detail/332138					Open 03/15/2021 → Close 			Status: posted					
Modern Equipment for Shared-use Biomedical Research Facilities: Advancing Research-Related Operations (S15 Clinical Trial Not Allowed) (PAR-24-259)	National Institutes of Health	https://www.grants.gov/search-results-detail/355855	09/25/2026	1.0	3.0	5.0			https://www.grants.gov/search-results-detail/355855					Open 08/02/2024 → Close 09/25/2026			Status: posted					
Seattle FY 2021 &ndash; FY 2023 EDA Planning and Local Technical Assistance (EDA-SEA-TA-SRO-2021-2006853)	Department of Commerce	https://www.grants.gov/search-results-detail/332127		0.5	4.0	3.0	0.0		https://www.grants.gov/search-results-detail/332127					Open 03/15/2021 → Close 			Status: posted					
Mind and Body Interventions to Restore Whole Person Health via Emotional Well-Being Mechanisms (NOT-AT-25-006)	National Institutes of Health	https://www.grants.gov/search-results-detail/359155		0.5	3.0	4.0			https://www.grants.gov/search-results-detail/359155					Open 05/28/2025 → Close 			Status: forecasted					
Maximizing Investigators' Research Award (FOR-GM-27-002)	National Institutes of Health	https://www.grants.gov/search-results-detail/359862		1.0	3.0	4.0			https://www.grants.gov/search-results-detail/359862					Open 06/30/2025 → Close 			Status: forecasted					
Support for a National Electronic Interstate Records Exchange System (HHS-2025-ACF-ACYF-CO-0079)	Administration for Children and Families - ACYF/CB	https://www.grants.gov/search-results-detail/356022		0.5	3.0	4.0			https://www.grants.gov/search-results-detail/356022					Open 08/13/2024 → Close 			Status: forecasted					
Environmental Engineering (PD-20-1440)	U.S. National Science Foundation	https://www.grants.gov/search-results-detail/320490		0.5	3.0	3.0			https://www.grants.gov/search-results-detail/320490					Open 09/11/2019 → Close 			Status: posted					
Enhancement and Management of Established Biomedical Data Repositories and Knowledgebases (U24 Clinical Trial Not Allowed) (PAR-23-237)	National Institutes of Health	https://www.grants.gov/search-results-detail/350051	01/25/2026	1.0	3.0	5.0			https://www.grants.gov/search-results-detail/350051					Open 08/30/2023 → Close 01/25/2026			Status: posted					
Maximizing Investigators Research Award (MIRA) for Early Stage Investigators (ESI) (R35 - Clinical Trial Optional) (PAR-23-145)	National Institutes of Health	https://www.grants.gov/search-results-detail/347720	02/03/2026	1.0	3.0	5.0			https://www.grants.gov/search-results-detail/347720					Open 04/24/2023 → Close 02/03/2026			Status: posted					
Laboratories to Optimize Digital Health (R01 Clinical Trial Required) (PAR-25-136)	National Institutes of Health	https://www.grants.gov/search-results-detail/357034	01/07/2028	0.5	3.0	5.0			https://www.grants.gov/search-results-detail/357034					Open 11/07/2024 → Close 01/07/2028			Status: posted					
Examining the Impact of Artificial Intelligence (AI) on Healthcare Safety (R18) (PA-24-261)	Agency for Health Care Research and Quality	https://www.grants.gov/search-results-detail/355419	05/25/2027	1.0	3.0	5.0			https://www.grants.gov/search-results-detail/355419					Open 07/16/2024 → Close 05/25/2027			Status: posted					
USDA/USDOI Joint Fire Science Program (JFSP) (L20AS00080)	Bureau of Land Management	https://www.grants.gov/search-results-detail/325472		0.5	3.0	4.0			https://www.grants.gov/search-results-detail/325472					Open 03/16/2020 → Close 			Status: forecasted					
Chesapeake Center for Collaborative Computing (EPA-R3-CBP-25-01)	Environmental Protection Agency	https://www.grants.gov/search-results-detail/360119	09/10/2025	0.5	3.0	2.0			https://www.grants.gov/search-results-detail/360119					Open 07/23/2025 → Close 09/10/2025			Status: posted					
FY 2021 - 2023 Economic Development RNTA (EDA-HDQ-RNTA-2021)	Department of Commerce	https://www.grants.gov/search-results-detail/334079		0.5	4.0	3.0	0.0		https://www.grants.gov/search-results-detail/334079					Open 06/09/2021 → Close 			Status: posted					
Infrastructure Systems and People (PD-25-342Y)	U.S. National Science Foundation	https://www.grants.gov/search-results-detail/358397		1.0	3.0	3.0			https://www.grants.gov/search-results-detail/358397					Open 01/25/2025 → Close 			Status: posted					
HEAL: Translating Addiction Epidemiology, Prevention, Treatment, and Recovery Research into Practice (R61/R33 - Clinical Trial Optional) (FOR-DA-26-001)	National Institutes of Health	https://www.grants.gov/search-results-detail/358819		1.0	3.0	4.0			https://www.grants.gov/search-results-detail/358819					Open 05/05/2025 → Close 			Status: forecasted					
Science of Learning and Augmented Intelligence (SL) (PD-19-127Y)	U.S. National Science Foundation	https://www.grants.gov/search-results-detail/320753	02/11/2026	0.5	3.0	5.0			https://www.grants.gov/search-results-detail/320753					Open 09/19/2019 → Close 02/11/2026			Status: posted					
FY 2025 Preschool Development Grant Birth Through Five (PDG B-5) Systems-Building Grant (HHS-2025-ACF-ECD-TP-0016)	Administration for Children and Families	https://www.grants.gov/search-results-detail/355578		0.5	3.0	4.0			https://www.grants.gov/search-results-detail/355578					Open 07/22/2024 → Close 			Status: forecasted					
NOI to Issue Infrastructure Investment and Jobs Act (IIJA) Funding Opportunity Announcement DE-FOA-0003585 &ldquo;Battery Materials Processing and Battery Manufacturing and Recycling Grant Program&quot; (DE-FOA-0003584)	National Energy Technology Laboratory	https://www.grants.gov/search-results-detail/360288	10/13/2025	2.5	4.0	3.0			https://www.grants.gov/search-results-detail/360288					Open 08/13/2025 → Close 10/13/2025			Status: posted					
Notice of Intent (NOI) related to &quot;HARMONY: Human-Centric Analytics for Resilient &amp; Modernized Power sYstems&rdquo; (DE-FOA-0003445)	National Energy Technology Laboratory	https://www.grants.gov/search-results-detail/356444	12/31/2025	1.5	4.0	5.0			https://www.grants.gov/search-results-detail/356444					Open 09/17/2024 → Close 12/31/2025			Status: posted					
Pacific Regional Partnership Intermediary Agreement (FA9453-23-R-001)	Air Force -- Research Lab	https://www.grants.gov/search-results-detail/346937		1.0	3.0	4.0			https://www.grants.gov/search-results-detail/346937					Open 03/17/2023 → Close 			Status: forecasted					
Annual Program Statement (APS) for Fiscal Year 2025 (PAS-TUNIS-FY2025)	U.S. Mission to Tunisia	https://www.grants.gov/search-results-detail/359120		0.5	3.0	4.0			https://www.grants.gov/search-results-detail/359120					Open 06/02/2025 → Close 			Status: forecasted					
Particulate and Multiphase Processes (PD-23-1415)	U.S. National Science Foundation	https://www.grants.gov/search-results-detail/347325		0.5	3.0	3.0			https://www.grants.gov/search-results-detail/347325					Open 04/05/2023 → Close 			Status: posted					
Environmental Sustainability (PD-23-7643)	U.S. National Science Foundation	https://www.grants.gov/search-results-detail/347328		0.5	3.0	3.0			https://www.grants.gov/search-results-detail/347328					Open 04/05/2023 → Close 			Status: posted					
RESTORE Act Centers of Excellence Research Grants Program (GR-RCE-25-001)	U.S. Dept. of Treasury RESTORE Act Program	https://www.grants.gov/search-results-detail/356559	10/31/2025	1.0	3.0	4.0			https://www.grants.gov/search-results-detail/356559					Open 09/26/2024 → Close 10/31/2025			Status: posted					
MAGNETIC ACCELERATION GENERATING NEW INNOVATIONS AND TACTICAL OUTCOMES SBIR/STTR (MAGNITO SBIR/STTR) (DE-FOA-0003591)	Advanced Research Projects Agency Energy 	https://www.grants.gov/search-results-detail/360356	09/24/2025	3.0	4.0	2.0			https://www.grants.gov/search-results-detail/360356					Open 08/25/2025 → Close 09/24/2025			Status: posted					
Long Range Broad Agency Announcement (BAA) for NSWC Crane (N0016424SNB35)	NSWC CRANE - N00164	https://www.grants.gov/search-results-detail/352238		0.5	3.0	3.0			https://www.grants.gov/search-results-detail/352238					Open 02/08/2024 → Close 			Status: posted					
UNITED STATES MILITARY ACADEMY Broad Agency Announcement (W911NF-20-S-0008)	Dept of the Army -- Materiel Command	https://www.grants.gov/search-results-detail/325932	03/31/2027	0.5	3.0	5.0			https://www.grants.gov/search-results-detail/325932					Open 04/01/2020 → Close 03/31/2027			Status: posted					
RFI - DOE R (DE-SOL-0008246)	Idaho Field Office	https://www.grants.gov/search-results-detail/280932		0.5	3.0	3.0			https://www.grants.gov/search-results-detail/280932					Open 01/14/2016 → Close 			Status: posted					
RFI - DOE Infrastructure Work Scope Development (DE-SOL-0008318)	Idaho Field Office	https://www.grants.gov/search-results-detail/280970		1.0	3.0	3.0			https://www.grants.gov/search-results-detail/280970					Open 01/14/2016 → Close 			Status: posted					
Climate Hackathon in Northern Japan (SAPPORO-PAS-FY22-01-02)	U.S. Mission to Japan	https://www.grants.gov/search-results-detail/338143		1.0	3.0	4.0			https://www.grants.gov/search-results-detail/338143					Open 02/18/2022 → Close 			Status: forecasted					
Democracy Commission Program Round 2 FY2023 (TIRDEMCOMMR2FY23)	U.S. Mission to Albania	https://www.grants.gov/search-results-detail/347569		0.5	3.0	4.0			https://www.grants.gov/search-results-detail/347569					Open 04/18/2023 → Close 			Status: forecasted					
Embassy Belgrade PAS - University Partnership (SRB10020FO006)	U.S. Mission to Serbia	https://www.grants.gov/search-results-detail/327658		1.0	3.0	4.0			https://www.grants.gov/search-results-detail/327658					Open 06/12/2020 → Close 			Status: forecasted					
Alumni Engagement Innovation Fund Program FY 2025 (SMK800-25-PAS001)	U.S. Mission to North Macedonia	https://www.grants.gov/search-results-detail/358681		1.0	3.0	4.0			https://www.grants.gov/search-results-detail/358681					Open 04/16/2025 → Close 			Status: forecasted					
CHEERS Open Period 2 - All Technical Areas (FA238424S2335)	Air Force -- Research Lab	https://www.grants.gov/search-results-detail/360262	09/30/2027	1.0	3.0	5.0			https://www.grants.gov/search-results-detail/360262					Open 08/07/2025 → Close 09/30/2027			Status: posted					
Developing Country Collaborations in Plant Genome Research (DCC-PGR)  (04-563)	U.S. National Science Foundation	https://www.grants.gov/search-results-detail/45657		1.0	3.0	3.0			https://www.grants.gov/search-results-detail/45657					Open 03/22/2004 → Close 			Status: posted					
Operations Engineering (PD-19-006Y)	U.S. National Science Foundation	https://www.grants.gov/search-results-detail/306167		0.5	3.0	3.0			https://www.grants.gov/search-results-detail/306167					Open 06/12/2018 → Close 			Status: posted					
Engineering for Civil Infrastructure (PD-19-073Y)	U.S. National Science Foundation	https://www.grants.gov/search-results-detail/306169		1.0	3.0	3.0			https://www.grants.gov/search-results-detail/306169					Open 06/12/2018 → Close 			Status: posted					
Solar, Heliospheric, and INterplanetary Environment (22-570)	U.S. National Science Foundation	https://www.grants.gov/search-results-detail/337985	10/07/2025	0.5	3.0	3.0			https://www.grants.gov/search-results-detail/337985					Open 02/11/2022 → Close 10/07/2025			Status: posted					
Public Affairs Section Notice of Funding Opportunity 2020 (PAS-SCB-600-20-PAS-0001)	U.S. Mission to Cambodia	https://www.grants.gov/search-results-detail/322667		0.5	3.0	4.0			https://www.grants.gov/search-results-detail/322667					Open 11/23/2019 → Close 			Status: forecasted					
MISSION ITALY ANNUAL PROGRAM STATEMENT 2023 (2301)	U.S. Mission to Italy	https://www.grants.gov/search-results-detail/345914		0.5	3.0	4.0			https://www.grants.gov/search-results-detail/345914					Open 02/09/2023 → Close 			Status: forecasted					
U.S. Embassy Phnom Penh &ndash; PAS Annual Program Statement (PAS-CB600-23-0002)	U.S. Mission to Cambodia	https://www.grants.gov/search-results-detail/348863		0.5	3.0	4.0			https://www.grants.gov/search-results-detail/348863					Open 06/22/2023 → Close 			Status: forecasted					
Plasma Physics (PD-23-1242)	U.S. National Science Foundation	https://www.grants.gov/search-results-detail/350018	11/17/2025	0.5	3.0	4.0			https://www.grants.gov/search-results-detail/350018					Open 08/29/2023 → Close 11/17/2025			Status: posted					
U.S. Embassy Luanda Public Diplomacy Section Request for a Full Proposal Application (DOS-PAS-ANG-FY25-01)	U.S. Mission to Angola	https://www.grants.gov/search-results-detail/358783		0.5	3.0	4.0			https://www.grants.gov/search-results-detail/358783					Open 04/30/2025 → Close 			Status: forecasted					
Division of Molecular and Cellular Biosciences Core Programs (24-539)	U.S. National Science Foundation	https://www.grants.gov/search-results-detail/352338		0.5	3.0	3.0			https://www.grants.gov/search-results-detail/352338					Open 02/14/2024 → Close 			Status: posted					
Centers for Chemical Innovation (23-575)	U.S. National Science Foundation	https://www.grants.gov/search-results-detail/359954	11/17/2025	1.0	3.0	4.0			https://www.grants.gov/search-results-detail/359954					Open 07/08/2025 → Close 11/17/2025			Status: posted					
National Science Foundation Translation to Practice (25-540)	U.S. National Science Foundation	https://www.grants.gov/search-results-detail/359966	09/16/2025	0.5	3.0	2.0			https://www.grants.gov/search-results-detail/359966					Open 07/09/2025 → Close 09/16/2025			Status: posted					
WINDOWS ON THE UNIVERSE: THE ERA OF MULTI-MESSENGER ASTROPHYSICS (PD-23-5115)	U.S. National Science Foundation	https://www.grants.gov/search-results-detail/349929	10/15/2025	0.5	3.0	3.0			https://www.grants.gov/search-results-detail/349929					Open 08/19/2023 → Close 10/15/2025			Status: posted					
NHLBI Outstanding Investigator Award (OIA) (R35 Clinical Trial Optional) (RFA-HL-26-002)	National Institutes of Health	https://www.grants.gov/search-results-detail/353821	04/28/2027	0.5	3.0	5.0			https://www.grants.gov/search-results-detail/353821					Open 04/26/2024 → Close 04/28/2027			Status: posted					
Atmosphere Cluster (PD-24-7790)	U.S. National Science Foundation	https://www.grants.gov/search-results-detail/356538		0.5	3.0	3.0			https://www.grants.gov/search-results-detail/356538					Open 09/26/2024 → Close 			Status: posted					
ERDC Broad Agency Announcement (W912HZ-25-BAA-01)	Engineer Research and Development Center	https://www.grants.gov/search-results-detail/357970	12/31/2025	1.0	3.0	5.0			https://www.grants.gov/search-results-detail/357970					Open 01/02/2025 → Close 12/31/2025			Status: posted					
Sustaining Cultural Heritage Collections (20260109-PF)	National Endowment for the Humanities	https://www.grants.gov/search-results-detail/358392		0.5	3.0	4.0			https://www.grants.gov/search-results-detail/358392					Open 01/24/2025 → Close 			Status: forecasted					
U.S. Mission Italy PDS Annual Program Statement (PDSITALYFY24)	U.S. Mission to Italy	https://www.grants.gov/search-results-detail/351231		0.5	3.0	4.0			https://www.grants.gov/search-results-detail/351231					Open 11/30/2023 → Close 			Status: forecasted					
Centers of Research Excellence in Science and Technology - Research Infrastructure for Science and Engineering (24-562)	U.S. National Science Foundation	https://www.grants.gov/search-results-detail/359061	08/07/2026	1.5	3.0	5.0			https://www.grants.gov/search-results-detail/359061					Open 05/21/2025 → Close 08/07/2026			Status: posted					
Correctness for Scientific Computing Systems (24-571)	U.S. National Science Foundation	https://www.grants.gov/search-results-detail/354144	08/11/2026	0.5	3.0	5.0			https://www.grants.gov/search-results-detail/354144					Open 05/10/2024 → Close 08/11/2026			Status: posted					
ECosystem for Leading Innovation in Plasma Science and Engineering (PD-24-110Z)	U.S. National Science Foundation	https://www.grants.gov/search-results-detail/351715	12/05/2025	1.0	3.0	4.0			https://www.grants.gov/search-results-detail/351715					Open 01/06/2024 → Close 12/05/2025			Status: posted					
Research and Development (RAD) Directed Energy (RD) University Assistance Instruments (RDK-RAD-FOA-2024)	Air Force -- Research Lab	https://www.grants.gov/search-results-detail/355499	07/18/2029	2.0	3.0	5.0			https://www.grants.gov/search-results-detail/355499					Open 07/18/2024 → Close 07/18/2029			Status: posted					
DIRECTED ENERGY TECHNOLOGY EXPERIMENTATION RESEARCH ADVANCED RESEARCH ANNOUCEMENT (DETER ARA) (FA9451-21-S-0001)	AFRL Kirtland AFB	https://www.grants.gov/search-results-detail/332367		1.5	3.0	4.0			https://www.grants.gov/search-results-detail/332367					Open 03/25/2021 → Close 			Status: forecasted					
Research Interests of the Air Force Office of Scientific Research (FA955025S0001)	Air Force Office of Scientific Research	https://www.grants.gov/search-results-detail/359050		1.0	3.0	3.0			https://www.grants.gov/search-results-detail/359050					Open 05/20/2025 → Close 			Status: posted					
Fiscal Year (FY) 2026 Department of Defense Multidisciplinary Research Program of the University Research Initiative (MURI) Department of Defense Army (W911NF25S0004)	Dept of the Army -- Materiel Command	https://www.grants.gov/search-results-detail/358532	09/05/2025	1.5	3.0	1.0			https://www.grants.gov/search-results-detail/358532					Open 03/05/2025 → Close 09/05/2025			Status: posted					
Fiscal Year (FY) 2026 Department of Defense Multidisciplinary Research Program of the University Research Initiative (MURI) (N0001425SF002)	Office of Naval Research	https://www.grants.gov/search-results-detail/358592	09/05/2025	1.5	3.0	1.0			https://www.grants.gov/search-results-detail/358592					Open 03/25/2025 → Close 09/05/2025			Status: posted					
Fiscal Year (FY) 2026 Department of Defense Multidisciplinary Research Program of the University Research Initiative (MURI) (N001425SF002)	Office of Naval Research	https://www.grants.gov/search-results-detail/358585	09/05/2025	1.5	3.0	1.0			https://www.grants.gov/search-results-detail/358585					Open 03/21/2025 → Close 09/05/2025			Status: posted					
Fiscal Year (FY) 2026 Department of Defense Multidisciplinary Research Program of the University Research Initiative (MURI) (NOFOAFRLAFOSR20250002)	Air Force Office of Scientific Research	https://www.grants.gov/search-results-detail/358533	09/05/2025	1.5	3.0	1.0			https://www.grants.gov/search-results-detail/358533					Open 03/05/2025 → Close 09/05/2025			Status: posted					
NRL Long Range Broad Agency Announcement (BAA) for Basic and Applied Research (N00173-24-S-BA01)	Naval Research Laboratory	https://www.grants.gov/search-results-detail/352741	09/30/2025	1.0	3.0	3.0			https://www.grants.gov/search-results-detail/352741					Open 03/01/2024 → Close 09/30/2025			Status: posted					
DEVCOM ARMY RESEARCH LABORATORY BROAD AGENCY ANNOUNCEMENT FOR FOUNDATIONAL RESEARCH (W911NF-23-S-0001)	Dept of the Army -- Materiel Command	https://www.grants.gov/search-results-detail/344592	11/20/2027	1.0	3.0	5.0			https://www.grants.gov/search-results-detail/344592					Open 11/21/2022 → Close 11/20/2027			Status: posted					
Agriculture and Food Research Initiative Competitive Grants Program Foundational and Applied Science Program (USDA-NIFA-AFRI-011134)	National Institute of Food and Agriculture	https://www.grants.gov/search-results-detail/360205	12/31/2026	1.0	3.0	5.0			https://www.grants.gov/search-results-detail/360205					Open 08/01/2025 → Close 12/31/2026			Status: posted					
FY 2024 &ndash; 2026 Broad Agency Announcement (BAA), Office of Oceanic and Atmospheric Research (OAR) (NOAA-OAR-CPO-2024-28363)	DOC NOAA - ERA Production	https://www.grants.gov/search-results-detail/356669	09/30/2026	1.0	3.0	5.0			https://www.grants.gov/search-results-detail/356669					Open 10/09/2024 → Close 09/30/2026			Status: posted					
Naval Engineering Education Consortium (NEEC) Broad Agency Announcement for Fiscal Year 2026 (N00178-26-0001)	NSWC Dahlgren	https://www.grants.gov/search-results-detail/360183		0.5	3.0	4.0			https://www.grants.gov/search-results-detail/360183					Open 07/30/2025 → Close 			Status: forecasted					
Small Business Innovation Research and Small Business Technology Transfer Programs Phase II (USDA-NIFA-SBIR-011120)	National Institute of Food and Agriculture	https://www.grants.gov/search-results-detail/360040	09/23/2025	2.0	3.0	2.0			https://www.grants.gov/search-results-detail/360040					Open 07/16/2025 → Close 09/23/2025			Status: posted					
MINORITY SERVING INSTITUTIONS PARTNERSHIP PROGRAM (MSIPP) CONSORTIA GRANT PROGRAM (CGP) (DE-FOA-0003285)	NNSA	https://www.grants.gov/search-results-detail/351714	06/15/2026	0.5	3.0	5.0			https://www.grants.gov/search-results-detail/351714					Open 01/05/2024 → Close 06/15/2026			Status: posted					
Fiscal Year (FY) 2026 Department of the Navy (DoN) Historically Black Colleges and Universities/Minority Institutions (HBCU/MI) Program (N0001425SF005)	Office of Naval Research	https://www.grants.gov/search-results-detail/359909	12/12/2025	1.0	3.0	4.0			https://www.grants.gov/search-results-detail/359909					Open 07/02/2025 → Close 12/12/2025			Status: posted					
FY 2024 &ndash; 2026 - Broad Agency Announcement (BAA) for the Office of Education (NOAA-SEC-OED-2024-28060)	DOC NOAA - ERA Production	https://www.grants.gov/search-results-detail/356002	09/30/2026	0.5	3.0	5.0			https://www.grants.gov/search-results-detail/356002					Open 08/12/2024 → Close 09/30/2026			Status: posted					
FY 2024 &ndash; 2026 - Broad Agency Announcement (BAA) Announcement Type: Initial (NOAA-NOS-MB-27779)	DOC NOAA - ERA Production	https://www.grants.gov/search-results-detail/356042	09/30/2026	0.5	3.0	5.0			https://www.grants.gov/search-results-detail/356042					Open 08/14/2024 → Close 09/30/2026			Status: posted					
Bipartisan Infrastructure Law - Carbon Dioxide Transportation Infrastructure Finance and Innovation (CIFIA) Program: Future Growth Grants (Section 40304) (DE-FOA-0002966)	National Energy Technology Laboratory	https://www.grants.gov/search-results-detail/353946	01/02/2026	2.0	4.0	5.0			https://www.grants.gov/search-results-detail/353946					Open 05/02/2024 → Close 01/02/2026			Status: posted					
Air Dominance Broad Agency Announcement (BAA) (FA865125S0001)	Munitions Directorate	https://www.grants.gov/search-results-detail/358674	10/31/2029	0.5	3.0	5.0			https://www.grants.gov/search-results-detail/358674					Open 04/14/2025 → Close 10/31/2029			Status: posted					
Research Interests of the United States Air Force Academy (formerly USAFA-BAA-2021) (FA7000-21-S-0001)	Air Force Academy	https://www.grants.gov/search-results-detail/330175		1.0	3.0	3.0			https://www.grants.gov/search-results-detail/330175					Open 12/02/2020 → Close 			Status: posted					
Continuing Human Enabling Enhancing Restoring and Sustaining (FA238424S2233)	Air Force -- Research Lab	https://www.grants.gov/search-results-detail/360258	08/22/2044	1.0	3.0	5.0			https://www.grants.gov/search-results-detail/360258					Open 08/07/2025 → Close 08/22/2044			Status: posted					
Port Infrastructure Development Program (MA-PID-25-001)	Maritime Administration	https://www.grants.gov/search-results-detail/358404	09/10/2025	1.0	3.0	2.0			https://www.grants.gov/search-results-detail/358404					Open 01/31/2025 → Close 09/10/2025			Status: posted					
FY 2023 EDA Public Works and Economic Adjustment Assistance Programs (PWEAA2023)	Economic Development Administration	https://www.grants.gov/search-results-detail/346815		0.5	3.0	3.0	20.0		https://www.grants.gov/search-results-detail/346815					Open 03/14/2023 → Close 			Status: posted					
Legacy Resource Management Program (HQ003423NFOEASD07)	Washington Headquarters Services	https://www.grants.gov/search-results-detail/348830	06/20/2026	0.5	3.0	5.0			https://www.grants.gov/search-results-detail/348830					Open 06/21/2023 → Close 06/20/2026			Status: posted					
F25AS00313 FY2025 Implementation of the Quagga and Zebra Mussel Action Plan (QZAP) in the Western United States (F25AS00313)	Fish and Wildlife Service	https://www.grants.gov/search-results-detail/359947	09/05/2025	0.5	3.0	1.0			https://www.grants.gov/search-results-detail/359947					Open 07/08/2025 → Close 09/05/2025			Status: posted					
ARMY APPLICATIONS LAB BROAD AGENCY ANNOUNCEMENT FOR DISRUPTIVE APPLICATIONS (W911NF-24-S-0008)	Dept of the Army -- Materiel Command	https://www.grants.gov/search-results-detail/355150	04/04/2029	0.5	3.0	5.0			https://www.grants.gov/search-results-detail/355150					Open 06/26/2024 → Close 04/04/2029			Status: posted					
Measurement Science and Engineering (MSE) Research Grant Programs (2025-NIST-MSE-01)	National Institute of Standards and Technology	https://www.grants.gov/search-results-detail/358955		1.0	3.0	3.0			https://www.grants.gov/search-results-detail/358955					Open 05/14/2025 → Close 			Status: posted					
Pioneering Aerospace Capabilities, Engineering and Research (PACER) (FA2391-23-S-2403)	Air Force -- Research Lab	https://www.grants.gov/search-results-detail/349554	05/10/2043	1.0	3.0	5.0			https://www.grants.gov/search-results-detail/349554					Open 07/26/2023 → Close 05/10/2043			Status: posted					
Securing Fair and Reliable Critical Mineral Supply Chains (FOA-ILAB-25-15)	Bureau of International Labor Affairs	https://www.grants.gov/search-results-detail/360111	09/26/2025	0.5	3.0	2.0			https://www.grants.gov/search-results-detail/360111					Open 08/27/2025 → Close 09/26/2025			Status: posted					
FY 2024 &ndash; 2026 Broad Agency Announcement (BAA), National Marine Fisheries Service (NOAA-NMFS-FHQ-2024-27611)	DOC NOAA - ERA Production	https://www.grants.gov/search-results-detail/355706	09/30/2026	0.5	3.0	5.0			https://www.grants.gov/search-results-detail/355706					Open 07/29/2024 → Close 09/30/2026			Status: posted					
NDEP STEM Open NFO (HQ003423NFOEASD01)	Washington Headquarters Services	https://www.grants.gov/search-results-detail/345938	02/08/2028	0.5	3.0	5.0			https://www.grants.gov/search-results-detail/345938					Open 02/09/2023 → Close 02/08/2028			Status: posted					
Microsystems Technology Office (MTO) Office-wide (HR001124S0028)	DARPA - Microsystems Technology Office 	https://www.grants.gov/search-results-detail/354134	10/09/2025	0.5	3.0	3.0			https://www.grants.gov/search-results-detail/354134					Open 05/09/2024 → Close 10/09/2025			Status: posted					
Cooperative Institute Fostering Aquaculture Research and Marketing (CIFARM) (NOAA-OAR-CIPO-2025-31269)	DOC NOAA - ERA Production	https://www.grants.gov/search-results-detail/359283	09/05/2025	1.0	3.0	1.0			https://www.grants.gov/search-results-detail/359283					Open 06/06/2025 → Close 09/05/2025			Status: posted					
FY 2024 &ndash; 2026 - Broad Agency Announcement (BAA) (NOAA-NWS-2024-28059)	DOC NOAA - ERA Production	https://www.grants.gov/search-results-detail/355705	09/30/2026	0.5	3.0	5.0			https://www.grants.gov/search-results-detail/355705					Open 07/29/2024 → Close 09/30/2026			Status: posted					
Defense Production Act Title III Expansion of Domestic Production Capability and Capacity (FA8650-19-S-5010)	Air Force -- Research Lab	https://www.grants.gov/search-results-detail/318351	07/12/2026	1.0	3.0	5.0			https://www.grants.gov/search-results-detail/318351					Open 07/12/2019 → Close 07/12/2026			Status: posted					
Notice of Intent to Issue Infrastructure Investment and Jobs Act (IIJA): Mines and Metals Capacity Expansion &ndash; Piloting By-Product Critical Minerals and Materials Recovery at Domestic Industrial Facilities (DE-FOA-0003582)	National Energy Technology Laboratory	https://www.grants.gov/search-results-detail/360291	12/15/2025	1.5	4.0	4.0			https://www.grants.gov/search-results-detail/360291					Open 08/13/2025 → Close 12/15/2025			Status: posted					
FY 2024 &ndash; 2026 - Broad Agency Announcement (BAA) Announcement Type: Initial (NOAA-NESDISPO-STAR-2024-27967)	DOC NOAA - ERA Production	https://www.grants.gov/search-results-detail/356127	09/30/2026	0.5	3.0	5.0			https://www.grants.gov/search-results-detail/356127					Open 08/19/2024 → Close 09/30/2026			Status: posted					
TECHGATE (DFOP0017381)	Bureau of Cyberspace and Digital Policy	https://www.grants.gov/search-results-detail/360408	09/02/2025	0.5	3.0	1.0			https://www.grants.gov/search-results-detail/360408					Open 08/29/2025 → Close 09/02/2025			Status: posted					
Air Delivered Effects (FA8651-22-S-0001)	Munitions Directorate	https://www.grants.gov/search-results-detail/338821	03/21/2027	0.5	3.0	5.0			https://www.grants.gov/search-results-detail/338821					Open 03/22/2022 → Close 03/21/2027			Status: posted					
FY23 Forest Service Pesticide Impact Assessment Program (USDA-FS-FHP-FS-PIAP-FY2023)	Forest Service	https://www.grants.gov/search-results-detail/343234		0.5	3.0	4.0			https://www.grants.gov/search-results-detail/343234					Open 09/01/2022 → Close 			Status: forecasted					
Annual Program Statement for U.S. Presentation at International Art Biennales (DFOP0017204)	Bureau Of Educational and Cultural Affairs	https://www.grants.gov/search-results-detail/360164	01/01/2099	0.5	2.0	5.0			https://www.grants.gov/search-results-detail/360164					Open 07/29/2025 → Close 01/01/2099			Status: posted					
DOD Defense Health Agency (DHA) Research &amp; Development FY23-FY27 BROAD AGENCY ANNOUNCEMENT for Extramural Medical Research (HT942523SBAA1)	Dept. of the Army -- USAMRAA	https://www.grants.gov/search-results-detail/343725	09/30/2027	1.0	3.0	5.0			https://www.grants.gov/search-results-detail/343725					Open 09/22/2022 → Close 09/30/2027			Status: posted					
Fundamental Research to Counter Weapons of Mass Destruction (HDTRA1-25-S-0001)	Defense Threat Reduction Agency	https://www.grants.gov/search-results-detail/356612	09/30/2034	1.0	3.0	5.0	0.0		https://www.grants.gov/search-results-detail/356612					Open 10/01/2024 → Close 09/30/2034			Status: posted					
DRAFT Community Noise Mitigation Program (OLDCC-23-F-0003)	Office of Local Defense Community Cooperation	https://www.grants.gov/search-results-detail/349858		1.0	3.0	4.0	0.0		https://www.grants.gov/search-results-detail/349858					Open 08/14/2023 → Close 			Status: forecasted					
Small Surface Water and Groundwater Storage Projects (Small Storage Program) (R25AS00270)	Bureau of Reclamation	https://www.grants.gov/search-results-detail/360059	04/17/2026	0.5	3.0	5.0			https://www.grants.gov/search-results-detail/360059					Open 07/17/2025 → Close 04/17/2026			Status: posted					
Native American Affairs: Technical Assistance to Tribes for Fiscal Year 2025 (R25AS00293)	Bureau of Reclamation	https://www.grants.gov/search-results-detail/360110	10/28/2025	0.5	3.0	3.0			https://www.grants.gov/search-results-detail/360110					Open 07/22/2025 → Close 10/28/2025			Status: posted					
FY26 BROWNFIELDS JOB TRAINING (JT) GRANTS (EPA-I-OLEM-OBLR-25-01)	Environmental Protection Agency	https://www.grants.gov/search-results-detail/358898	09/26/2025	1.0	3.0	2.0			https://www.grants.gov/search-results-detail/358898					Open 07/21/2025 → Close 09/26/2025			Status: posted					
Midsize and Large Drinking Water System Infrastructure Resilience and Sustainability Program (EPA-OW-OGWDW-25-01)	Environmental Protection Agency	https://www.grants.gov/search-results-detail/360232	10/06/2025	1.5	3.0	3.0			https://www.grants.gov/search-results-detail/360232					Open 08/05/2025 → Close 10/06/2025			Status: posted					
Partnerships with MCC Program (95332419N0001)	Millennium Challenge Corporation	https://www.grants.gov/search-results-detail/314279	03/31/2027	0.5	3.0	5.0			https://www.grants.gov/search-results-detail/314279					Open 03/26/2019 → Close 03/31/2027			Status: posted					
Industry-Driven Skills Training Fund Grant Program (ETA-TEGL-02-25)	Employment and Training Administration	https://www.grants.gov/search-results-detail/360260	09/05/2025	1.0	3.0	1.0			https://www.grants.gov/search-results-detail/360260					Open 08/07/2025 → Close 09/05/2025			Status: posted					
FY23 Evaluation Monitoring Program (USDA-FS-FHP-EM-FY2023)	Forest Service	https://www.grants.gov/search-results-detail/343233		0.5	3.0	4.0			https://www.grants.gov/search-results-detail/343233					Open 09/01/2022 → Close 			Status: forecasted					
Rural and Tribal Assistance (RTA) Pilot Program (DOT-OST-2025-103)	69A345 Office of the Under Secretary for Policy	https://www.grants.gov/search-results-detail/360227		1.0	3.0	4.0			https://www.grants.gov/search-results-detail/360227					Open 08/07/2025 → Close 			Status: forecasted					
Defense Sciences Office (DSO) Office-wide BAA (HR001125S0013)	DARPA - Defense Sciences Office	https://www.grants.gov/search-results-detail/359239	06/02/2026	0.5	3.0	5.0	0.0		https://www.grants.gov/search-results-detail/359239					Open 06/03/2025 → Close 06/02/2026			Status: posted					
Broad Agency Announcement (BAA) Call N0001425SBC03 For Office of Naval Research (ONR) Global Opportunity: GlobalX Innovation Joint Challenge: AI for Advancing Maritime Security (N0001425SBC03)	Office of Naval Research	https://www.grants.gov/search-results-detail/358680		1.5	3.0	3.0			https://www.grants.gov/search-results-detail/358680					Open 05/06/2025 → Close 			Status: posted					
Sustainable Range Study Richardson Training Area, Fort Wainwright and Donnelly Training Area, Alaska (SOW 25-101) (W911KB-25-2-0010)	Alaska District	https://www.grants.gov/search-results-detail/359983	09/08/2025	1.0	3.0	2.0			https://www.grants.gov/search-results-detail/359983					Open 07/10/2025 → Close 09/08/2025			Status: posted					
NSWC Dahlgren BAA N00178-25-0002 (N00178-25-0002)	NSWC Dahlgren	https://www.grants.gov/search-results-detail/356715	10/14/2025	0.5	3.0	3.0			https://www.grants.gov/search-results-detail/356715					Open 10/15/2024 → Close 10/14/2025			Status: posted					
U.S. Embassy Cotonou PDS Request for Statements of Interest (PDS-RCS-FY25)	U.S. Mission to Benin	https://www.grants.gov/search-results-detail/358808		0.5	3.0	4.0			https://www.grants.gov/search-results-detail/358808					Open 05/02/2025 → Close 			Status: forecasted					
Department of Defense Research and Education Program for Historically Black Colleges and Universities and Minority-Serving Institutions (HBCU/MI) (W911NF24S0009)	Dept of the Army -- Materiel Command	https://www.grants.gov/search-results-detail/355730	07/31/2029	1.0	3.0	5.0			https://www.grants.gov/search-results-detail/355730					Open 08/01/2024 → Close 07/31/2029			Status: posted					
Family Violence Prevention and Services Discretionary Grant Program/ National Indigenous Domestic Violence Hotline (HHS-2025-ACF-OFVPS-EV-0004)	Administration for Children and Families - OFVPS	https://www.grants.gov/search-results-detail/355697	09/04/2025	0.5	3.0	1.0			https://www.grants.gov/search-results-detail/355697					Open 08/20/2025 → Close 09/04/2025			Status: posted					
Strengthening ties between the U.S. and Cyprus (PAS-CY600-FY25-0001)	U.S. Mission to Cyprus	https://www.grants.gov/search-results-detail/358811		0.5	3.0	4.0			https://www.grants.gov/search-results-detail/358811					Open 05/05/2025 → Close 			Status: forecasted					
Application Instructions for the Indian Community Development Block Grant (ICDBG) Imminent Threat (IT) Program (FR-6900-N-74)	Department of Housing and Urban Development	https://www.grants.gov/search-results-detail/358716	09/30/2025	1.0	4.0	3.0	0.0		https://www.grants.gov/search-results-detail/358716					Open 04/18/2025 → Close 09/30/2025			Status: posted					
FY 2024 Atlantic Salmon Habitat Restoration Partnership Grants (NOAA-NMFS-HCPO-2024-25198)	DOC NOAA - ERA Production	https://www.grants.gov/search-results-detail/352198	03/31/2026	0.5	3.0	5.0			https://www.grants.gov/search-results-detail/352198					Open 02/05/2024 → Close 03/31/2026			Status: posted					
BIOLOGICAL CONTROL OF INVASIVE FOREST PESTS PROGRAM FY23 (USDA-FS-FHP-BCIFP-FY2023)	Forest Service	https://www.grants.gov/search-results-detail/342448		0.5	3.0	4.0			https://www.grants.gov/search-results-detail/342448					Open 09/01/2022 → Close 			Status: forecasted					
F26AS00009_FY 2026 - Sportfishing and Boating Safety Act - Boating Infrastructure Grant (BIG) Tier 2 (F26AS00009)	Fish and Wildlife Service	https://www.grants.gov/search-results-detail/360382	10/27/2025	1.0	3.0	3.0			https://www.grants.gov/search-results-detail/360382					Open 08/28/2025 → Close 10/27/2025			Status: posted					
FY25 Naval Air Warfare Center Aircraft Division Office-Wide Broad Agency Announcement (N00421-25-S-0001)	NAVAIR	https://www.grants.gov/search-results-detail/359802	06/22/2026	0.5	3.0	5.0			https://www.grants.gov/search-results-detail/359802					Open 06/27/2025 → Close 06/22/2026			Status: posted					
FAA Aviation Research Grants Program (20-01)	DOT - FAA Aviation Research Grants	https://www.grants.gov/search-results-detail/328902	09/07/2027	1.0	4.0	5.0	20.0		https://www.grants.gov/search-results-detail/328902					Open 09/08/2020 → Close 09/07/2027			Status: posted					
NOAA Great Lakes Fish Habitat Restoration Partnership Grants (NOAA-NMFS-HCPO-2024-28122)	DOC NOAA - ERA Production	https://www.grants.gov/search-results-detail/356231		0.5	3.0	3.0			https://www.grants.gov/search-results-detail/356231					Open 08/27/2024 → Close 			Status: posted					
Innovative Finance and Asset Concession (IFAC) Grant Program (DOT-OST-2025-0033)	69A345 Office of the Under Secretary for Policy	https://www.grants.gov/search-results-detail/360279	10/01/2025	0.5	3.0	3.0			https://www.grants.gov/search-results-detail/360279					Open 08/13/2025 → Close 10/01/2025			Status: posted					
Special Technology Development Program (USDA-FS-FHP-STDP-FY2023)	Forest Service	https://www.grants.gov/search-results-detail/342444		0.5	3.0	4.0			https://www.grants.gov/search-results-detail/342444					Open 09/01/2022 → Close 			Status: forecasted					
Boosting Innovative GEOINT - Science &amp; Technology  Broad Agency Announcement (BIG-ST BAA) (HM047623BAA0001)	National Geospatial-Intelligence Agency 	https://www.grants.gov/search-results-detail/351404	12/14/2026	0.5	3.0	5.0			https://www.grants.gov/search-results-detail/351404					Open 12/15/2023 → Close 12/14/2026			Status: posted					
FY2025 NAGPRA Repatriation Grants (P25AS00474)	National Park Service	https://www.grants.gov/search-results-detail/357994	05/08/2026	0.5	3.0	5.0			https://www.grants.gov/search-results-detail/357994					Open 01/03/2025 → Close 05/08/2026			Status: posted					
DoD Prostate Cancer, Clinical Consortium Award (HT942525PCRPCCA)	Dept. of the Army -- USAMRAA	https://www.grants.gov/search-results-detail/359060	09/02/2025	0.5	3.0	1.0			https://www.grants.gov/search-results-detail/359060					Open 05/20/2025 → Close 09/02/2025			Status: posted					
State Veterans Home Construction Grant Program (VA-GRANTS-112508-002)	Construction of State Home Facilities	https://www.grants.gov/search-results-detail/58617		0.5	3.0	3.0			https://www.grants.gov/search-results-detail/58617					Open 11/01/2010 → Close 			Status: posted					
2025 White-nose Syndrome Grants to States and Tribes (F25AS00296)	Fish and Wildlife Service	https://www.grants.gov/search-results-detail/360023	09/12/2025	0.5	3.0	2.0			https://www.grants.gov/search-results-detail/360023					Open 07/14/2025 → Close 09/12/2025			Status: posted					
Revitalizing Domestic Manufacturing by Developing the Next Generation of America&rsquo;s Shipbuilders through International Partnerships (FOA-ILAB-25-45)	Bureau of International Labor Affairs	https://www.grants.gov/search-results-detail/360093	09/26/2025	1.0	3.0	2.0			https://www.grants.gov/search-results-detail/360093					Open 08/27/2025 → Close 09/26/2025			Status: posted					
DoD Military Burn, Discovery Award (HT942525MBRPDA)	Dept. of the Army -- USAMRAA	https://www.grants.gov/search-results-detail/358796	09/08/2025	0.5	3.0	2.0			https://www.grants.gov/search-results-detail/358796					Open 05/01/2025 → Close 09/08/2025			Status: posted					
Biological Technologies (HR001124S0034)	DARPA - Biological Technologies Office	https://www.grants.gov/search-results-detail/356403	09/10/2025	0.5	3.0	2.0			https://www.grants.gov/search-results-detail/356403					Open 09/11/2024 → Close 09/10/2025			Status: posted					
Cooperative Agreement for affiliated Partner with the Great Basin Cooperative Ecosystem Studies Unit (G25AS00342)	Geological Survey	https://www.grants.gov/search-results-detail/360273	09/08/2025	0.5	3.0	2.0			https://www.grants.gov/search-results-detail/360273					Open 08/08/2025 → Close 09/08/2025			Status: posted					
F26AS00008_FY 2026 - Sportfishing and Boating Safety Act - Boating Infrastructure Grant (BIG) Tier 1 (F26AS00008)	Fish and Wildlife Service	https://www.grants.gov/search-results-detail/360381	10/27/2025	1.0	3.0	3.0			https://www.grants.gov/search-results-detail/360381					Open 08/28/2025 → Close 10/27/2025			Status: posted					
NIST MEP Disaster Assessment Program (2020-NIST-MEP-MDAP-01)	National Institute of Standards and Technology	https://www.grants.gov/search-results-detail/323740		0.5	3.0	3.0			https://www.grants.gov/search-results-detail/323740					Open 01/17/2020 → Close 			Status: posted					
Rare Diseases Clinical Research Consortia (RDCRC) for the Rare Diseases Clinical Research Network (RDCRN) (U54 Clinical Trial Optional) (PAR-25-438)	National Institutes of Health	https://www.grants.gov/search-results-detail/358818	10/16/2025	1.0	3.0	3.0			https://www.grants.gov/search-results-detail/358818					Open 06/05/2025 → Close 10/16/2025			Status: posted					
LPS Qubit Collaboratory (LQC) (W911NF21S0009)	Dept of the Army -- Materiel Command	https://www.grants.gov/search-results-detail/332894	04/30/2026	0.5	3.0	5.0			https://www.grants.gov/search-results-detail/332894					Open 04/16/2021 → Close 04/30/2026			Status: posted					
Updated National Dislocated Worker Grant Program Guidance and Application Information (ETA-TEGL-09-24)	Employment and Training Administration	https://www.grants.gov/search-results-detail/357771	12/31/2026	1.0	3.0	5.0			https://www.grants.gov/search-results-detail/357771					Open 12/17/2024 → Close 12/31/2026			Status: posted					
DoD Military Burn, Technology/Therapeutic Development Award (HT942525MBRPTTDA)	Dept. of the Army -- USAMRAA	https://www.grants.gov/search-results-detail/358800	09/08/2025	0.5	3.0	2.0			https://www.grants.gov/search-results-detail/358800					Open 05/01/2025 → Close 09/08/2025			Status: posted					
DoD Toxic Exposures Investigator-Initiated Research Award (HT942525TERPIIRA)	Dept. of the Army -- USAMRAA	https://www.grants.gov/search-results-detail/359255	10/16/2025	1.0	3.0	3.0			https://www.grants.gov/search-results-detail/359255					Open 06/05/2025 → Close 10/16/2025			Status: posted					
FY25 ONR Office Of Naval Research (ONR) Science, Technology, Engineering, and Mathematics(STEM) Education and Workforce Program (N0001425SF006)	Office of Naval Research	https://www.grants.gov/search-results-detail/359932	06/30/2026	1.5	3.0	5.0			https://www.grants.gov/search-results-detail/359932					Open 07/07/2025 → Close 06/30/2026			Status: posted					
BROAD AGENCY ANNOUNCEMENT (BAA) for Extramural Biomedical and Human Performance Research and Development Department of Defense (HT9425-23-S-SOC1)	Dept. of the Army -- USAMRAA	https://www.grants.gov/search-results-detail/349586	07/31/2028	1.0	3.0	5.0			https://www.grants.gov/search-results-detail/349586					Open 07/27/2023 → Close 07/31/2028			Status: posted					
DoD Military Burn, Patient-Centered Research Award (HT942525MBRPPCRA)	Dept. of the Army -- USAMRAA	https://www.grants.gov/search-results-detail/358799	09/08/2025	1.0	3.0	2.0			https://www.grants.gov/search-results-detail/358799					Open 05/01/2025 → Close 09/08/2025			Status: posted					
DoD Toxic Exposures Translational Research Partnership Award (HT942525TERPTRPA)	Dept. of the Army -- USAMRAA	https://www.grants.gov/search-results-detail/359254	10/16/2025	1.0	3.0	3.0			https://www.grants.gov/search-results-detail/359254					Open 06/05/2025 → Close 10/16/2025			Status: posted					
RESEARCH INITIATIVES AT THE NAVAL POST GRADUATE SCHOOL (N00244-22-S-NPS-F001)	Naval Supply Systems Command	https://www.grants.gov/search-results-detail/337346	01/13/2026	1.0	3.0	5.0			https://www.grants.gov/search-results-detail/337346					Open 01/13/2022 → Close 01/13/2026			Status: posted					
DoD Toxic Exposures Clinical Trial Partnership Award (HT942525TERPCTPA)	Dept. of the Army -- USAMRAA	https://www.grants.gov/search-results-detail/359256	10/16/2025	0.5	3.0	3.0			https://www.grants.gov/search-results-detail/359256					Open 06/05/2025 → Close 10/16/2025			Status: posted					
FY25 Long Range Broad Agency Announcement (BAA) for Navy and Marine Corps Science and Technology (N0001425SB001)	Office of Naval Research	https://www.grants.gov/search-results-detail/356605	09/30/2025	1.0	3.0	3.0			https://www.grants.gov/search-results-detail/356605					Open 10/01/2024 → Close 09/30/2025			Status: posted					
Commercial Fishing Occupational Safety Training Project Grants (T03) (RFA-OH-22-006)	Centers for Disease Control and Prevention - ERA	https://www.grants.gov/search-results-detail/334972	01/31/2028	1.0	3.0	5.0			https://www.grants.gov/search-results-detail/334972					Open 07/11/2022 → Close 01/31/2028			Status: posted					
Commercial Fishing Occupational Safety Research Cooperative Agreement (U01) (RFA-OH-22-005)	Centers for Disease Control and Prevention - ERA	https://www.grants.gov/search-results-detail/334971	01/31/2028	1.0	3.0	5.0			https://www.grants.gov/search-results-detail/334971					Open 07/08/2022 → Close 01/31/2028			Status: posted					
Health Home for Children with Medically Complex Conditions (CMS-3J3-23-001)	Centers for Medicare & Medicaid Services	https://www.grants.gov/search-results-detail/343826	10/01/2025	0.5	3.0	3.0			https://www.grants.gov/search-results-detail/343826					Open 09/30/2022 → Close 10/01/2025			Status: posted					
FY2025 Golden Mussel Prevention and Control in the Western United States (F25AS00320)	Fish and Wildlife Service	https://www.grants.gov/search-results-detail/360252	10/06/2025	0.5	3.0	3.0			https://www.grants.gov/search-results-detail/360252					Open 08/06/2025 → Close 10/06/2025			Status: posted					
